client_id,quantity,price,date,message_id,recommended_by
1515915625803894158,1,8943.0,2023-10-11,1515915625935652010-16166-6525589bca68f,bulk_message
1515915625803894158,1,46369.0,2023-10-11,1515915625935652010-16166-6525589bca68f,bulk_message
1515915625803894158,1,4666.0,2023-10-11,1515915625935652010-16166-6525589bca68f,bulk_message
1515915625803894158,1,11963.0,2023-10-11,1515915625935652010-16166-6525589bca68f,bulk_message
1515915625803894158,1,13107.0,2023-10-11,1515915625935652010-16166-6525589bca68f,bulk_message
1515915625803894158,1,21253.0,2023-10-11,1515915625935652010-16166-6525589bca68f,bulk_message
1515915625803894158,1,23041.0,2023-10-11,1515915625935652010-16166-6525589bca68f,bulk_message
1515915625803894158,1,10990.0,2023-10-11,1515915625935652010-16166-6525589bca68f,bulk_message
1515915625803894158,1,22875.0,2023-10-11,1515915625935652010-16166-6525589bca68f,bulk_message
1515915625803894158,1,10068.0,2023-10-11,1515915625935652010-16166-6525589bca68f,bulk_message
1515915625803894158,1,30437.0,2023-10-11,1515915625935652010-16166-6525589bca68f,bulk_message
1515915625803894158,1,15884.0,2023-10-11,1515915625935652010-16166-6525589bca68f,bulk_message
1515915625803894158,1,73344.0,2023-10-11,1515915625935652010-16166-6525589bca68f,bulk_message
1515915625803894158,1,14802.0,2023-10-11,1515915625935652010-16166-6525589bca68f,bulk_message
1515915625803894158,1,14802.0,2023-10-11,1515915625935652010-16166-6525589bca68f,bulk_message
1515915625803894158,1,6778.0,2023-10-11,1515915625935652010-16166-6525589bca68f,bulk_message
1515915625803894158,1,6778.0,2023-10-11,1515915625935652010-16166-6525589bca68f,bulk_message
1515915625803894158,1,8012.0,2023-10-11,1515915625935652010-16166-6525589bca68f,bulk_message
1515915625803894158,1,25296.0,2023-10-11,1515915625935652010-16166-6525589bca68f,bulk_message
1515915625803894158,1,5790.0,2023-10-11,1515915625935652010-16166-6525589bca68f,bulk_message
1515915625803894158,1,5790.0,2023-10-11,1515915625935652010-16166-6525589bca68f,bulk_message
1515915625803894158,1,13568.0,2023-10-11,1515915625935652010-16166-6525589bca68f,bulk_message
1515915625817394282,1,30931.0,2023-10-13,1515915625817394282-16166-6525589ba1c43,bulk_message
1515915625817394282,1,15831.0,2023-10-13,1515915625817394282-16166-6525589ba1c43,bulk_message
1515915625817394282,1,27909.0,2023-10-13,1515915625817394282-16166-6525589ba1c43,bulk_message
1515915625835000620,1,4462.0,2023-10-16,1515915625835000620-16288-652d40c4b78ae,bulk_message
1515915625835001136,1,5318.0,2023-10-13,1515915625835001136-16222-65291f45c5530,bulk_message
1515915625835001905,1,13936.0,2023-10-22,1515915625835001905-16288-652d40c4b0b5d,bulk_message
1515915625835001905,1,2921.0,2023-10-22,1515915625835001905-16288-652d40c4b0b5d,bulk_message
1515915625835005573,1,110556.0,2023-10-02,1515915625835005573-15945-651ac5ef435df,bulk_message
1515915625852205658,1,14988.0,2023-10-11,1515915625852205658-16166-6525589ba21fa,bulk_message
1515915625870015457,1,4691.0,2023-10-17,1515915625870015457-16222-65291f45d2977,bulk_message
1515915625870015457,1,3761.0,2023-10-17,1515915625870015457-16222-65291f45d2977,bulk_message
1515915625902774628,1,5990.0,2023-10-24,1515915625902774628-16413-65367cef15384,bulk_message
1515915625902774628,1,7262.0,2023-10-24,1515915625902774628-16413-65367cef15384,bulk_message
1515915625902774628,1,4886.0,2023-10-24,1515915625902774628-16413-65367cef15384,bulk_message
1515915625941961811,1,2921.0,2023-10-17,1515915625941961811-16222-65291f45bb125,bulk_message
1515915625941961811,1,5131.0,2023-10-17,1515915625941961811-16222-65291f45bb125,bulk_message
1515915625947086340,1,6481.0,2023-10-02,1515915625947086340-15945-651ac5ef46640,bulk_message
1515915625947086340,1,5787.0,2023-10-02,1515915625947086340-15945-651ac5ef46640,bulk_message
1515915625951753007,1,6361.0,2023-10-13,1515915625951753007-16222-65291f45e090f,bulk_message
1515915625951761161,1,13239.0,2023-10-13,1515915625951761161-16222-65291f45f32e1,bulk_message
1515915625964096339,1,46290.0,2023-10-03,1515915625964096339-15945-651ac5ef46993,bulk_message
1515915625992112283,1,14435.0,2023-10-12,1515915625951763128-16166-6525589bb6e40,bulk_message
1515915625992112283,1,14032.0,2023-10-12,1515915625951763128-16166-6525589bb6e40,bulk_message
1515915626002771410,1,6253.0,2023-10-04,1515915626002771410-16000-651d60c14ef24,bulk_message
1515915626003328198,1,11171.0,2023-10-08,1515915626003328198-16000-651d60c14dd8d,bulk_message
1515915626010039507,1,13165.0,2023-10-02,1515915626010039507-15945-651ac5ef2b97e,bulk_message
1515915626010039507,1,12874.0,2023-10-02,1515915626010039507-15945-651ac5ef2b97e,bulk_message
1515915626011484905,1,10492.0,2023-10-13,1515915626011484905-16222-65291f460849e,bulk_message
1515915626011484905,1,5581.0,2023-10-13,1515915626011484905-16222-65291f460849e,bulk_message
1515915626011484905,1,7616.0,2023-10-13,1515915626011484905-16222-65291f460849e,bulk_message
1515915626011484905,1,5452.0,2023-10-13,1515915626011484905-16222-65291f460849e,bulk_message
1515915626011484905,1,3772.0,2023-10-13,1515915626011484905-16222-65291f460849e,bulk_message
1515915626013602677,1,16855.0,2023-10-11,1515915625951763128-16166-6525589bb6e40,bulk_message
1515915626013602677,1,55690.0,2023-10-11,1515915625951763128-16166-6525589bb6e40,bulk_message
1515915626013602677,1,38990.0,2023-10-11,1515915625951763128-16166-6525589bb6e40,bulk_message
1515915625803211057,1,2141.0,2023-07-31,1515915625869763440-14433-64c78875d231b,bulk_message
1515915625803214667,1,3108.0,2023-07-07,1515915625969221121-13932-64a6c861940dc,bulk_message
1515915625803274539,1,3612.0,2023-07-24,1515915625951764856-14244-64bcec1d9a595,bulk_message
1515915625803892965,1,6078.0,2023-07-18,1515915625864123161-14147-64b5459cbe15b,bulk_message
1515915625803892965,1,5433.0,2023-07-18,1515915625864123161-14147-64b5459cbe15b,bulk_message
1515915625803892965,1,10290.0,2023-07-18,1515915625864123161-14147-64b5459cbe15b,bulk_message
1515915625803892965,1,25613.0,2023-07-18,1515915625864123161-14147-64b5459cbe15b,bulk_message
1515915625803892965,1,7061.0,2023-07-18,1515915625864123161-14147-64b5459cbe15b,bulk_message
1515915625803892965,1,6051.0,2023-07-18,1515915625864123161-14147-64b5459cbe15b,bulk_message
1515915625803892965,1,22316.0,2023-07-18,1515915625864123161-14147-64b5459cbe15b,bulk_message
1515915625803892965,1,13969.0,2023-07-18,1515915625864123161-14147-64b5459cbe15b,bulk_message
1515915625803894158,1,59406.0,2023-07-24,1515915625935652010-14244-64bcec1d66f16,bulk_message
1515915625803894158,1,55690.0,2023-07-24,1515915625935652010-14244-64bcec1d66f16,bulk_message
1515915625803894158,1,31791.0,2023-07-24,1515915625935652010-14244-64bcec1d66f16,bulk_message
1515915625803894158,1,74091.0,2023-07-24,1515915625935652010-14244-64bcec1d66f16,bulk_message
1515915625803894158,1,7845.0,2023-07-24,1515915625935652010-14244-64bcec1d66f16,bulk_message
1515915625803894158,1,32880.0,2023-07-24,1515915625935652010-14244-64bcec1d66f16,bulk_message
1515915625803894158,1,1690.0,2023-07-24,1515915625935652010-14244-64bcec1d66f16,bulk_message
1515915625803894158,1,6100.0,2023-07-24,1515915625935652010-14244-64bcec1d66f16,bulk_message
1515915625803894158,1,64920.0,2023-07-24,1515915625935652010-14244-64bcec1d66f16,bulk_message
1515915625803896872,1,30502.0,2023-07-12,1515915625803896872-14031-64ad5e7d5583a,bulk_message
1515915625816320125,1,3357.0,2023-07-21,1515915625816320125-14241-64ba80d111510,bulk_message
1515915625816320125,1,4268.0,2023-07-21,1515915625816320125-14241-64ba80d111510,bulk_message
1515915625816320125,1,5691.0,2023-07-21,1515915625816320125-14241-64ba80d111510,bulk_message
1515915625817083301,1,4407.0,2023-07-07,1515915625817083301-13932-64a6c861c731f,bulk_message
1515915625817083301,1,8990.0,2023-07-07,1515915625817083301-13932-64a6c861c731f,bulk_message
1515915625817083301,1,8921.0,2023-07-07,1515915625817083301-13932-64a6c861c731f,bulk_message
1515915625830434584,1,8915.0,2023-07-05,1515915625830434584-13906-64a575951866e,bulk_message
1515915625830434584,1,10290.0,2023-07-05,1515915625830434584-13906-64a575951866e,bulk_message
1515915625830434584,1,7814.0,2023-07-05,1515915625830434584-13906-64a575951866e,bulk_message
1515915625830434584,1,3561.0,2023-07-05,1515915625830434584-13906-64a575951866e,bulk_message
1515915625830434584,1,3186.0,2023-07-23,1515915625830434584-14244-64bcec1d6dde3,bulk_message
1515915625830434584,1,4041.0,2023-07-23,1515915625830434584-14244-64bcec1d6dde3,bulk_message
1515915625830434584,1,6241.0,2023-07-23,1515915625830434584-14244-64bcec1d6dde3,bulk_message
1515915625830434584,1,1823.0,2023-07-23,1515915625830434584-14244-64bcec1d6dde3,bulk_message
1515915625830434584,1,2963.0,2023-07-23,1515915625830434584-14244-64bcec1d6dde3,bulk_message
1515915625830434584,1,5861.0,2023-07-23,1515915625830434584-14244-64bcec1d6dde3,bulk_message
1515915625835000932,1,16194.0,2023-07-20,1515915625835000932-14215-64b92c4de4832,bulk_message
1515915625835003534,1,4990.0,2023-07-12,1515915625835003534-14067-64aeacd7d9833,bulk_message
1515915625835003534,1,3077.0,2023-07-12,1515915625835003534-14067-64aeacd7d9833,bulk_message
1515915625835003578,1,8990.0,2023-07-01,1515915625835003578-13815-649ede4e8162a,bulk_message
1515915625835003578,1,3315.0,2023-07-01,1515915625835003578-13815-649ede4e8162a,bulk_message
1515915625835003578,1,1313.0,2023-07-01,1515915625835003578-13815-649ede4e8162a,bulk_message
1515915625835004039,1,13772.0,2023-07-28,1515915625835004039-14367-64c26fe615744,bulk_message
1515915625835004039,1,5620.0,2023-07-28,1515915625835004039-14367-64c26fe615744,bulk_message
1515915625835004039,1,4869.0,2023-07-28,1515915625835004039-14367-64c26fe615744,bulk_message
1515915625835005573,1,17990.0,2023-07-10,1515915625835005573-14007-64ac0aed98889,bulk_message
1515915625835005573,1,8990.0,2023-07-10,1515915625835005573-14007-64ac0aed98889,bulk_message
1515915625835005573,1,1937.0,2023-07-10,1515915625835005573-14007-64ac0aed98889,bulk_message
1515915625835005573,1,11650.0,2023-07-10,1515915625835005573-14007-64ac0aed98889,bulk_message
1515915625835005573,1,15690.0,2023-07-10,1515915625835005573-14007-64ac0aed98889,bulk_message
1515915625835005573,1,6650.0,2023-07-10,1515915625835005573-14007-64ac0aed98889,bulk_message
1515915625835005573,1,5395.0,2023-07-10,1515915625835005573-14007-64ac0aed98889,bulk_message
1515915625846598890,1,3166.0,2023-07-03,1515915625853432543-13815-649ede4e7dabb,bulk_message
1515915625847962550,1,14652.0,2023-07-03,1515915625847962550-13815-649ede4e38092,bulk_message
1515915625856252097,1,29515.0,2023-07-01,1515915625856252097-13815-649ede4e37fe6,bulk_message
1515915625856252097,1,81490.0,2023-07-01,1515915625856252097-13815-649ede4e37fe6,bulk_message
1515915625856252097,1,24690.0,2023-07-01,1515915625856252097-13815-649ede4e37fe6,bulk_message
1515915625859398359,1,25690.0,2023-07-03,1515915625859398359-13846-64a2d0dd51753,bulk_message
1515915625859398359,1,26831.0,2023-07-07,1515915625859398359-13906-64a5759519336,bulk_message
1515915625860409683,1,5690.0,2023-07-01,1515915625860409683-13815-649ede4e3aba0,bulk_message
1515915625860409683,1,81490.0,2023-07-01,1515915625860409683-13815-649ede4e3aba0,bulk_message
1515915625864631809,1,4490.0,2023-07-26,1515915625864631809-14282-64be7da070d1a,bulk_message
1515915625879637123,1,24287.0,2023-07-29,1515915625879637123-14401-64c3badbac160,bulk_message
1515915625883844206,1,16977.0,2023-07-31,1515915625883844206-14433-64c7887615afd,bulk_message
1515915625917976242,1,14470.0,2023-07-05,1515915625917976242-13906-64a5759517e14,bulk_message
1515915625928280841,1,749.0,2023-07-21,1515915625896910507-14241-64ba80d102576,bulk_message
1515915625937310190,1,12490.0,2023-07-24,1515915625937310190-13710-649ae9b335e06,bulk_message
1515915625941783892,1,12172.0,2023-07-31,1515915625941783892-14433-64c7887615920,bulk_message
1515915625941783892,1,4196.0,2023-07-31,1515915625941783892-14433-64c7887615920,bulk_message
1515915625942320604,1,3278.0,2023-07-14,1515915625942320604-14067-64aeacd7ce919,bulk_message
1515915625942320604,1,3937.0,2023-07-14,1515915625942320604-14067-64aeacd7ce919,bulk_message
1515915625942320604,1,3278.0,2023-07-14,1515915625942320604-14067-64aeacd7ce919,bulk_message
1515915625942320604,1,7880.0,2023-07-20,1515915625942320604-14215-64b92c4de0ab1,bulk_message
1515915625942320604,1,5690.0,2023-07-20,1515915625942320604-14215-64b92c4de0ab1,bulk_message
1515915625950672443,1,11590.0,2023-07-11,1515915625950672443-14007-64ac0aed99a18,bulk_message
1515915625950672443,1,21366.0,2023-07-11,1515915625950672443-14007-64ac0aed99a18,bulk_message
1515915625951393914,1,19056.0,2023-07-18,1515915625951393914-14179-64b6999b50c76,bulk_message
1515915625951752388,1,26053.0,2023-07-31,1515915625951752388-14335-64c11ccdb2884,bulk_message
1515915625951752697,1,3257.0,2023-07-10,1515915625951752697-14007-64ac0aedcef0c,bulk_message
1515915625951752697,1,3391.0,2023-07-10,1515915625951752697-14007-64ac0aedcef0c,bulk_message
1515915625951763240,1,2790.0,2023-07-01,1515915625951763240-13815-649ede4e74abb,bulk_message
1515915625951763240,1,3234.0,2023-07-01,1515915625951763240-13815-649ede4e74abb,bulk_message
1515915625951763514,1,25690.0,2023-07-04,1515915625951763514-13846-64a2d0dd75752,bulk_message
1515915625951763514,1,30476.0,2023-07-04,1515915625951763514-13846-64a2d0dd75752,bulk_message
1515915625955712470,1,5690.0,2023-07-11,1515915625955712470-14007-64ac0aedea585,bulk_message
1515915625955712470,1,14490.0,2023-07-11,1515915625955712470-14007-64ac0aedea585,bulk_message
1515915625955712470,1,25320.0,2023-07-11,1515915625955712470-14007-64ac0aedea585,bulk_message
1515915625955712470,1,10290.0,2023-07-11,1515915625955712470-14007-64ac0aedea585,bulk_message
1515915625955712470,1,3823.0,2023-07-11,1515915625955712470-14007-64ac0aedea585,bulk_message
1515915625955712470,1,4471.0,2023-07-11,1515915625955712470-14007-64ac0aedea585,bulk_message
1515915625955712470,1,11240.0,2023-07-11,1515915625955712470-14007-64ac0aedea585,bulk_message
1515915625955712470,1,7560.0,2023-07-11,1515915625955712470-14007-64ac0aedea585,bulk_message
1515915625958680575,1,6021.0,2023-07-11,1515915625958675776-13815-649ede4e36db7,bulk_message
1515915625958680575,1,22490.0,2023-07-11,1515915625958675776-13815-649ede4e36db7,bulk_message
1515915625968297999,1,18930.0,2023-07-12,1515915625968297999-14067-64aeacd7ccf01,bulk_message
1515915625969161251,1,3298.0,2023-07-01,1515915625969161251-13815-649ede4e456a8,bulk_message
1515915625969161251,1,20005.0,2023-07-01,1515915625969161251-13815-649ede4e456a8,bulk_message
1515915625969591327,1,30502.0,2023-07-12,1515915625803896872-14031-64ad5e7d5583a,bulk_message
1515915625969591327,1,5064.0,2023-07-12,1515915625803896872-14031-64ad5e7d5583a,bulk_message
1515915625969591327,1,24490.0,2023-07-12,1515915625803896872-14031-64ad5e7d5583a,bulk_message
1515915625983359924,1,1264.0,2023-07-03,1515915625835001001-13815-649ede4e49053,bulk_message
1515915625983359924,1,4990.0,2023-07-03,1515915625835001001-13815-649ede4e49053,bulk_message
1515915625983359924,1,3300.0,2023-07-03,1515915625835001001-13815-649ede4e49053,bulk_message
1515915625983359924,1,5990.0,2023-07-03,1515915625835001001-13815-649ede4e49053,bulk_message
1515915625983359924,1,12172.0,2023-07-11,1515915625835001001-14007-64ac0aedb092c,bulk_message
1515915625984601209,1,15819.0,2023-07-01,1515915625984601209-13815-649ede4e457c6,bulk_message
1515915625984601209,1,38990.0,2023-07-01,1515915625984601209-13815-649ede4e457c6,bulk_message
1515915625984601209,1,49490.0,2023-07-01,1515915625984601209-13815-649ede4e457c6,bulk_message
1515915625984601209,1,23490.0,2023-07-01,1515915625984601209-13815-649ede4e457c6,bulk_message
1515915625984601209,1,74971.0,2023-07-01,1515915625984601209-13815-649ede4e457c6,bulk_message
1515915625984601209,1,8921.0,2023-07-01,1515915625984601209-13815-649ede4e457c6,bulk_message
1515915625985115331,1,4490.0,2023-07-02,1515915625985115331-13815-649ede4e81c82,bulk_message
1515915625985115331,1,2486.0,2023-07-02,1515915625985115331-13815-649ede4e81c82,bulk_message
1515915625985115331,1,10290.0,2023-07-12,1515915625985115331-14031-64ad5e7d1f27e,bulk_message
1515915625985307312,1,3546.0,2023-07-16,1515915625882598551-14083-64affb85c5053,bulk_message
1515915625985307312,1,2486.0,2023-07-16,1515915625882598551-14083-64affb85c5053,bulk_message
1515915625985455335,1,15010.0,2023-07-12,1515915625968297999-14067-64aeacd7ccf01,bulk_message
1515915625985775576,1,6640.0,2023-07-10,1515915625985775576-14007-64ac0aed98570,bulk_message
1515915625985775576,1,2486.0,2023-07-10,1515915625985775576-14007-64ac0aed98570,bulk_message
1515915625826759645,1,6778.0,2023-09-22,1515915625826759645-15708-650d83a19f5bb,bulk_message
1515915625835005998,1,49138.0,2023-09-07,1515915625835005998-15389-64f9d6976a4e8,bulk_message
1515915625837216461,1,16866.0,2023-09-01,1515915625837216461-15270-64f1ef246175b,bulk_message
1515915625851867569,1,8984.0,2023-09-12,1515915625851867569-15482-65006ded71e21,bulk_message
1515915625853335947,1,15571.0,2023-09-25,1515915625853335947-15763-65117aa81dce7,bulk_message
1515915625861627387,1,41346.0,2023-09-22,1515915625861627387-15680-650c4a88dceb0,bulk_message
1515915625861627387,1,86351.0,2023-09-22,1515915625861627387-15680-650c4a88dceb0,bulk_message
1515915625861627387,1,29592.0,2023-09-22,1515915625861627387-15680-650c4a88dceb0,bulk_message
1515915625862332399,1,51545.0,2023-09-30,1515915625862332399-14433-64c788760ca2e,bulk_message
1515915625862332399,1,6363.0,2023-09-30,1515915625862332399-14433-64c788760ca2e,bulk_message
1515915625866103673,1,7534.0,2023-09-13,1515915625947180414-15482-65006ded73d08,bulk_message
1515915625866103673,1,14032.0,2023-09-13,1515915625947180414-15482-65006ded73d08,bulk_message
1515915625927017227,1,20408.0,2023-09-07,1515915625927017227-13846-64a2d0dd482bd,bulk_message
1515915625931330317,1,4491.0,2023-09-19,1515915625931330317-15613-6509a49ae0ffb,bulk_message
1515915625931330317,1,2239.0,2023-09-19,1515915625931330317-15613-6509a49ae0ffb,bulk_message
1515915625932759420,1,11587.0,2023-09-21,1515915625932759420-15680-650c4a88e1ff3,bulk_message
1515915625932759420,1,8653.0,2023-09-21,1515915625932759420-15680-650c4a88e1ff3,bulk_message
1515915625932759420,1,33967.0,2023-09-21,1515915625932759420-15680-650c4a88e1ff3,bulk_message
1515915625962020681,1,3813.0,2023-09-21,1515915625962020681-15680-650c4a88e0604,bulk_message
1515915625979592473,1,25990.0,2023-09-02,1515915625979592473-15241-64f09c64ef1f9,bulk_message
1515915625979592473,1,3369.0,2023-09-02,1515915625979592473-15241-64f09c64ef1f9,bulk_message
1515915625986174436,1,4495.0,2023-09-23,1515915625986174436-15708-650d83a19ce69,bulk_message
1515915625990584920,1,101286.0,2023-09-07,1515915625990584920-15389-64f9d69739940,bulk_message
1515915625990584920,1,5945.0,2023-09-07,1515915625990584920-15389-64f9d69739940,bulk_message
1515915625990584920,1,7952.0,2023-09-07,1515915625990584920-15389-64f9d69739940,bulk_message
1515915625990584920,1,5540.0,2023-09-07,1515915625990584920-15389-64f9d69739940,bulk_message
1515915625990892287,1,7641.0,2023-09-11,1515915625955843943-15365-64f87ca940807,bulk_message
1515915626005014483,1,7534.0,2023-09-13,1515915625947180414-15482-65006ded73d08,bulk_message
1515915626012131867,1,25834.0,2023-09-12,1515915625851867569-15482-65006ded71e21,bulk_message
1515915625842031428,1,842.0,2022-10-28,1515915625835001981-7412-63592c6160e84,bulk_message
1515915625842031428,1,1692.0,2022-10-28,1515915625835001981-7412-63592c6160e84,bulk_message
1515915625842031428,1,2287.0,2022-10-28,1515915625835001981-7412-63592c6160e84,bulk_message
1515915625857065470,1,59990.0,2022-10-26,1515915625835003105-7412-63592c6162660,bulk_message
1515915625857065470,1,54040.0,2022-10-26,1515915625835003105-7412-63592c6162660,bulk_message
1515915625857065470,1,36720.0,2022-10-26,1515915625835003105-7412-63592c6162660,bulk_message
1515915625857065470,1,12513.0,2022-10-26,1515915625835003105-7412-63592c6162660,bulk_message
1515915625857065470,1,11505.0,2022-10-26,1515915625835003105-7412-63592c6162660,bulk_message
1515915625803180756,1,5990.0,2023-03-01,1515915625803180756-10552-63ff5aa59192c,bulk_message
1515915625803275262,1,22990.0,2023-03-07,1515915625861390589-10699-6406de5f6729e,bulk_message
1515915625803275365,1,669.0,2023-03-29,1515915625936749790-11291-642199792da78,bulk_message
1515915625803892965,1,12591.0,2023-03-21,1515915625864123161-11100-64185f9ab960b,bulk_message
1515915625803892965,1,13291.0,2023-03-21,1515915625864123161-11100-64185f9ab960b,bulk_message
1515915625803892965,1,24990.0,2023-03-21,1515915625864123161-11100-64185f9ab960b,bulk_message
1515915625803892965,1,59990.0,2023-03-21,1515915625864123161-11100-64185f9ab960b,bulk_message
1515915625803892965,1,4990.0,2023-03-21,1515915625864123161-11100-64185f9ab960b,bulk_message
1515915625803892965,1,3834.0,2023-03-21,1515915625864123161-11100-64185f9ab960b,bulk_message
1515915625803892965,1,25990.0,2023-03-21,1515915625864123161-11100-64185f9ab960b,bulk_message
1515915625803892965,1,25990.0,2023-03-21,1515915625864123161-11100-64185f9ab960b,bulk_message
1515915625803892965,1,10990.0,2023-03-21,1515915625864123161-11100-64185f9ab960b,bulk_message
1515915625803892965,1,8674.0,2023-03-21,1515915625864123161-11100-64185f9ab960b,bulk_message
1515915625803892965,1,8674.0,2023-03-21,1515915625864123161-11100-64185f9ab960b,bulk_message
1515915625803892965,1,15761.0,2023-03-21,1515915625864123161-11100-64185f9ab960b,bulk_message
1515915625803892965,1,6990.0,2023-03-21,1515915625864123161-11100-64185f9ab960b,bulk_message
1515915625805445981,1,8791.0,2023-03-17,1515915625805445981-11034-64147178a037e,bulk_message
1515915625805526070,1,2936.0,2023-03-31,1515915625805526070-11466-6426e3a8f14e7,bulk_message
1515915625817415471,1,20990.0,2023-03-09,1515915625817415471-10707-6405f1b769dc1,bulk_message
1515915625817415471,1,34990.0,2023-03-09,1515915625817415471-10707-6405f1b769dc1,bulk_message
1515915625817415471,1,15112.0,2023-03-15,1515915625817415471-10893-640f2b5dcc047,bulk_message
1515915625822299254,1,22990.0,2023-03-08,1515915625822299254-10699-6406de5f60274,bulk_message
1515915625833830433,1,10652.0,2023-03-22,1515915625833830433-11167-641afe37959da,bulk_message
1515915625833830433,1,4492.0,2023-03-22,1515915625833830433-11167-641afe37959da,bulk_message
1515915625833830433,1,2936.0,2023-03-22,1515915625833830433-11167-641afe37959da,bulk_message
1515915625833830433,1,4076.0,2023-03-22,1515915625833830433-11167-641afe37959da,bulk_message
1515915625833830433,1,5990.0,2023-03-22,1515915625833830433-11167-641afe37959da,bulk_message
1515915625833830433,1,32670.0,2023-03-22,1515915625833830433-11167-641afe37959da,bulk_message
1515915625833830433,1,8490.0,2023-03-22,1515915625833830433-11167-641afe37959da,bulk_message
1515915625833830433,1,8066.0,2023-03-22,1515915625833830433-11167-641afe37959da,bulk_message
1515915625833830433,1,5391.0,2023-03-22,1515915625833830433-11167-641afe37959da,bulk_message
1515915625835000981,1,50990.0,2023-03-09,1515915625835000981-10731-64084e9c787ef,bulk_message
1515915625835001544,1,12990.0,2023-03-24,1515915625835001544-11036-64157d9de69a5,bulk_message
1515915625835001544,1,7038.0,2023-03-24,1515915625835001544-11036-64157d9de69a5,bulk_message
1515915625835004145,1,2960.0,2023-03-10,1515915625835004145-10798-6409e5cb706a0,bulk_message
1515915625835004145,1,3647.0,2023-03-10,1515915625835004145-10798-6409e5cb706a0,bulk_message
1515915625835004145,1,2952.0,2023-03-10,1515915625835004145-10798-6409e5cb706a0,bulk_message
1515915625835004145,1,4972.0,2023-03-10,1515915625835004145-10798-6409e5cb706a0,bulk_message
1515915625835004145,1,4491.0,2023-03-10,1515915625835004145-10798-6409e5cb706a0,bulk_message
1515915625835004145,1,1103.0,2023-03-10,1515915625835004145-10798-6409e5cb706a0,bulk_message
1515915625835004838,1,19990.0,2023-03-17,1515915625835004838-10854-640c431daf9e5,bulk_message
1515915625835005989,1,6291.0,2023-03-03,1515915625835005989-10520-63fdfcc2dd257,bulk_message
1515915625857586122,1,2607.0,2023-03-29,1515915625857586122-11291-6421997926f7a,bulk_message
1515915625858338708,1,4990.0,2023-03-01,1515915625858338708-10487-63fcb5e39798c,bulk_message
1515915625860901908,1,1990.0,2023-03-26,1515915625862748583-11161-641dab521794e,bulk_message
1515915625862259971,1,2270.0,2023-03-06,1515915625862259971-10707-6405f1b765466,bulk_message
1515915625862306982,1,2841.0,2023-03-09,1515915625862306982-10798-6409e5cb66c21,bulk_message
1515915625863126486,1,4433.0,2023-03-19,1515915625824504003-11034-64147178a39dc,bulk_message
1515915625863126486,1,3295.0,2023-03-19,1515915625824504003-11034-64147178a39dc,bulk_message
1515915625863126486,1,1990.0,2023-03-19,1515915625824504003-11034-64147178a39dc,bulk_message
1515915625863126486,1,1990.0,2023-03-19,1515915625824504003-11034-64147178a39dc,bulk_message
1515915625876407681,1,4092.0,2023-03-06,1515915625876407681-10707-6405f1b7648d9,bulk_message
1515915625876407681,1,5391.0,2023-03-06,1515915625876407681-10707-6405f1b7648d9,bulk_message
1515915625886337552,1,15990.0,2023-03-05,1515915625886337552-10645-6401ff56a996c,bulk_message
1515915625890752683,1,2990.0,2023-03-13,1515915625890748780-10893-640f2b5dd3cdf,bulk_message
1515915625901624732,1,12990.0,2023-03-04,1515915625901624732-10645-6401ff56a5d4e,bulk_message
1515915625913349570,1,4373.0,2023-03-31,1515915625913349570-11383-64243466be12e,bulk_message
1515915625920118423,1,21592.0,2023-03-27,1515915625920118423-11291-6421997927d1e,bulk_message
1515915625926394965,1,29990.0,2023-03-06,1515915625926394965-10707-6405f1b7727cc,bulk_message
1515915625927146533,1,2990.0,2023-03-26,1515915625927146533-11161-641dab5224f55,bulk_message
1515915625930687617,1,59990.0,2023-03-08,1515915625930687617-10699-6406de5f68237,bulk_message
1515915625930687617,1,26990.0,2023-03-08,1515915625930687617-10699-6406de5f68237,bulk_message
1515915625930687617,1,45990.0,2023-03-08,1515915625930687617-10699-6406de5f68237,bulk_message
1515915625930687617,1,2990.0,2023-03-08,1515915625930687617-10699-6406de5f68237,bulk_message
1515915625932163842,1,1701.0,2023-03-23,1515915625932163842-11100-64185f9abfc8c,bulk_message
1515915625936154979,1,669.0,2023-03-07,1515915625864123161-10707-6405f1b76b962,bulk_message
1515915625936154979,1,25990.0,2023-03-07,1515915625864123161-10707-6405f1b76b962,bulk_message
1515915625936154979,1,1494.0,2023-03-07,1515915625864123161-10707-6405f1b76b962,bulk_message
1515915625936154979,1,8674.0,2023-03-07,1515915625864123161-10707-6405f1b76b962,bulk_message
1515915625936154979,1,22990.0,2023-03-07,1515915625864123161-10707-6405f1b76b962,bulk_message
1515915625936154979,1,18990.0,2023-03-07,1515915625864123161-10707-6405f1b76b962,bulk_message
1515915625936154979,1,19990.0,2023-03-07,1515915625864123161-10707-6405f1b76b962,bulk_message
1515915625938058501,1,13990.0,2023-03-23,1515915625938058501-11167-641afe3792d3f,bulk_message
1515915625941752698,1,1701.0,2023-03-23,1515915625932163842-11100-64185f9abfc8c,bulk_message
1515915625803207729,1,16990.0,2023-05-08,1515915625835000498-12031-6441360b9be7d,bulk_message
1515915625803210568,1,3653.0,2023-05-16,1515915625835000627-12474-645cd7ea7bbbe,bulk_message
1515915625803211441,1,33980.0,2023-05-15,1515915625922909424-12474-645cd7ea354cc,bulk_message
1515915625803211567,1,1790.0,2023-05-22,1515915625951752182-12742-646b14f266095,bulk_message
1515915625803211567,1,2961.0,2023-05-22,1515915625951752182-12742-646b14f266095,bulk_message
1515915625803215090,1,8990.0,2023-05-11,1515915625826062340-12474-645cd7ea2f227,bulk_message
1515915625803892965,1,19990.0,2023-05-22,1515915625864123161-12742-646b14f264f93,bulk_message
1515915625803892965,1,26990.0,2023-05-22,1515915625864123161-12742-646b14f264f93,bulk_message
1515915625803892965,1,12990.0,2023-05-22,1515915625864123161-12742-646b14f264f93,bulk_message
1515915625803892965,1,40992.0,2023-05-22,1515915625864123161-12742-646b14f264f93,bulk_message
1515915625803892965,1,4163.0,2023-05-22,1515915625864123161-12742-646b14f264f93,bulk_message
1515915625803892965,1,25990.0,2023-05-22,1515915625864123161-12742-646b14f264f93,bulk_message
1515915625803892965,1,20532.0,2023-05-22,1515915625864123161-12742-646b14f264f93,bulk_message
1515915625803892965,1,2542.0,2023-05-22,1515915625864123161-12742-646b14f264f93,bulk_message
1515915625803892965,1,6072.0,2023-05-22,1515915625864123161-12742-646b14f264f93,bulk_message
1515915625803892965,1,17592.0,2023-05-22,1515915625864123161-12742-646b14f264f93,bulk_message
1515915625803892965,1,9495.0,2023-05-22,1515915625864123161-12742-646b14f264f93,bulk_message
1515915625803894158,1,11106.0,2023-05-22,1515915625935652010-12742-646b14f2449f5,bulk_message
1515915625803894158,1,12276.0,2023-05-22,1515915625935652010-12742-646b14f2449f5,bulk_message
1515915625803894158,1,12990.0,2023-05-22,1515915625935652010-12742-646b14f2449f5,bulk_message
1515915625803894158,1,2003.0,2023-05-22,1515915625935652010-12742-646b14f2449f5,bulk_message
1515915625803894158,1,8291.0,2023-05-22,1515915625935652010-12742-646b14f2449f5,bulk_message
1515915625803894158,1,12990.0,2023-05-22,1515915625935652010-12742-646b14f2449f5,bulk_message
1515915625803894158,1,13271.0,2023-05-22,1515915625935652010-12742-646b14f2449f5,bulk_message
1515915625803894158,1,17932.0,2023-05-22,1515915625935652010-12742-646b14f2449f5,bulk_message
1515915625803894158,1,3414.0,2023-05-22,1515915625935652010-12742-646b14f2449f5,bulk_message
1515915625803894158,1,3343.0,2023-05-22,1515915625935652010-12742-646b14f2449f5,bulk_message
1515915625803894158,1,2633.0,2023-05-22,1515915625935652010-12742-646b14f2449f5,bulk_message
1515915625803894158,1,5688.0,2023-05-22,1515915625935652010-12742-646b14f2449f5,bulk_message
1515915625803894158,1,21990.0,2023-05-22,1515915625935652010-12742-646b14f2449f5,bulk_message
1515915625803894158,1,18692.0,2023-05-22,1515915625935652010-12742-646b14f2449f5,bulk_message
1515915625803894158,1,27990.0,2023-05-22,1515915625935652010-12742-646b14f2449f5,bulk_message
1515915625803894158,1,27990.0,2023-05-22,1515915625935652010-12742-646b14f2449f5,bulk_message
1515915625803894158,1,22990.0,2023-05-22,1515915625935652010-12742-646b14f2449f5,bulk_message
1515915625803894158,1,3392.0,2023-05-23,1515915625935652010-12742-646b14f2449f5,bulk_message
1515915625810813187,1,3504.0,2023-05-12,1515915625810813187-12474-645cd7ea375d6,bulk_message
1515915625812777203,1,9593.0,2023-05-12,1515915625812777203-12474-645cd7ea34037,bulk_message
1515915625818083844,1,5990.0,2023-05-22,1515915625951755333-12742-646b14f23cc72,bulk_message
1515915625835003196,1,3043.0,2023-05-11,1515915625835003196-12474-645cd7ea36ba3,bulk_message
1515915625835003578,1,4073.0,2023-05-12,1515915625835003578-12474-645cd7ea35692,bulk_message
1515915625835003578,1,3596.0,2023-05-12,1515915625835003578-12474-645cd7ea35692,bulk_message
1515915625835003578,1,4315.0,2023-05-12,1515915625835003578-12474-645cd7ea35692,bulk_message
1515915625835003578,1,2687.0,2023-05-12,1515915625835003578-12474-645cd7ea35692,bulk_message
1515915625835003578,1,4855.0,2023-05-12,1515915625835003578-12474-645cd7ea35692,bulk_message
1515915625835003865,1,17153.0,2023-05-22,1515915625835003865-12742-646b14f279890,bulk_message
1515915625835003865,1,26770.0,2023-05-22,1515915625835003865-12742-646b14f279890,bulk_message
1515915625835004145,1,8208.0,2023-05-23,1515915625835004145-12742-646b14f25ecdf,bulk_message
1515915625835004145,1,2790.0,2023-05-23,1515915625835004145-12742-646b14f25ecdf,bulk_message
1515915625835004145,1,5400.0,2023-05-23,1515915625835004145-12742-646b14f25ecdf,bulk_message
1515915625835005668,1,5167.0,2023-05-19,1515915625835005668-12492-64633173319a2,bulk_message
1515915625836581067,1,8835.0,2023-05-23,1515915625836581067-12742-646b14f27a27d,bulk_message
1515915625883481180,1,2316.0,2023-05-18,1515915625883481180-12492-646331730e45b,bulk_message
1515915625936109801,1,11700.0,2023-05-11,1515915625936109801-12474-645cd7ea39e87,bulk_message
1515915625936109801,1,7990.0,2023-05-11,1515915625936109801-12474-645cd7ea39e87,bulk_message
1515915625936109801,1,77990.0,2023-05-11,1515915625936109801-12474-645cd7ea39e87,bulk_message
1515915625936109801,1,13206.0,2023-05-11,1515915625936109801-12474-645cd7ea39e87,bulk_message
1515915625943072779,1,17592.0,2023-05-22,1515915625943072779-12742-646b14f23147e,bulk_message
1515915625949117112,1,12956.0,2023-05-22,1515915625949117112-12742-646b14f26b8d7,bulk_message
1515915625949117112,1,59730.0,2023-05-22,1515915625949117112-12742-646b14f26b8d7,bulk_message
1515915625949117112,1,47370.0,2023-05-22,1515915625949117112-12742-646b14f26b8d7,bulk_message
1515915625949117112,1,41190.0,2023-05-22,1515915625949117112-12742-646b14f26b8d7,bulk_message
1515915625949117112,1,2952.0,2023-05-22,1515915625949117112-12742-646b14f26b8d7,bulk_message
1515915625950096616,1,51490.0,2023-05-13,1515915625950096616-11965-643e9fbce399c,bulk_message
1515915625950096616,1,42220.0,2023-05-13,1515915625950096616-11965-643e9fbce399c,bulk_message
1515915625950096616,1,8230.0,2023-05-13,1515915625950096616-11965-643e9fbce399c,bulk_message
1515915625950096616,1,7510.0,2023-05-13,1515915625950096616-11965-643e9fbce399c,bulk_message
1515915625950096616,1,11320.0,2023-05-13,1515915625950096616-11965-643e9fbce399c,bulk_message
1515915625950124577,1,13990.0,2023-05-17,1515915625950124577-12492-64633173751ea,bulk_message
1515915625950124577,1,27990.0,2023-05-17,1515915625950124577-12492-64633173751ea,bulk_message
1515915625951751315,1,2566.0,2023-05-11,1515915625951751315-12474-645cd7ea74e66,bulk_message
1515915625951754132,1,4242.0,2023-05-12,1515915625951754132-12474-645cd7ea8915b,bulk_message
1515915625951754132,1,1442.0,2023-05-12,1515915625951754132-12474-645cd7ea8915b,bulk_message
1515915625951754132,1,2828.0,2023-05-12,1515915625951754132-12474-645cd7ea8915b,bulk_message
1515915625951754132,1,2490.0,2023-05-12,1515915625951754132-12474-645cd7ea8915b,bulk_message
1515915625951754132,1,1452.0,2023-05-12,1515915625951754132-12474-645cd7ea8915b,bulk_message
1515915625951754132,1,6792.0,2023-05-12,1515915625951754132-12474-645cd7ea8915b,bulk_message
1515915625951754132,1,3996.0,2023-05-12,1515915625951754132-12474-645cd7ea8915b,bulk_message
1515915625951754132,1,3414.0,2023-05-16,1515915625951754132-12492-64633172e9926,bulk_message
1515915625951754168,1,3036.0,2023-05-22,1515915625951754168-12742-646b14f22ffac,bulk_message
1515915625951754168,1,4196.0,2023-05-22,1515915625951754168-12742-646b14f22ffac,bulk_message
1515915625951754168,1,4165.0,2023-05-22,1515915625951754168-12742-646b14f22ffac,bulk_message
1515915625951763642,1,31587.0,2023-05-11,1515915625951763642-12474-645cd7ea3c172,bulk_message
1515915625951763642,1,16597.0,2023-05-11,1515915625951763642-12474-645cd7ea3c172,bulk_message
1515915625969512083,1,1593.0,2023-05-22,1515915625951752182-12742-646b14f266095,bulk_message
1515915625969512083,1,1946.0,2023-05-22,1515915625951752182-12742-646b14f266095,bulk_message
1515915625969512083,1,2594.0,2023-05-22,1515915625951752182-12742-646b14f266095,bulk_message
1515915625996349938,1,22468.0,2023-05-22,1515915625943072779-12742-646b14f23147e,bulk_message
1515915625819603986,1,3736.0,2022-12-06,1515915625819603986-8443-638f449ca1be8,bulk_message
1515915625819603986,1,3736.0,2022-12-06,1515915625819603986-8443-638f449ca1be8,bulk_message
1515915625819603986,1,18610.0,2022-12-07,1515915625819603986-8443-638f449ca1be8,bulk_message
1515915625819603986,1,18990.0,2022-12-07,1515915625819603986-8443-638f449ca1be8,bulk_message
1515915625819603986,1,10569.0,2022-12-07,1515915625819603986-8443-638f449ca1be8,bulk_message
1515915625819603986,1,12010.0,2022-12-07,1515915625819603986-8443-638f449ca1be8,bulk_message
1515915625819603986,1,4238.0,2022-12-07,1515915625819603986-8443-638f449ca1be8,bulk_message
1515915625819603986,1,4709.0,2022-12-07,1515915625819603986-8443-638f449ca1be8,bulk_message
1515915625819603986,1,4287.0,2022-12-07,1515915625819603986-8443-638f449ca1be8,bulk_message
1515915625819603986,1,4375.0,2022-12-07,1515915625819603986-8443-638f449ca1be8,bulk_message
1515915625819603986,1,5184.0,2022-12-07,1515915625819603986-8443-638f449ca1be8,bulk_message
1515915625819603986,1,5760.0,2022-12-07,1515915625819603986-8443-638f449ca1be8,bulk_message
1515915625820148989,1,7114.0,2022-12-01,1515915625820148989-8344-6388b83090161,bulk_message
1515915625820148989,1,7905.0,2022-12-01,1515915625820148989-8344-6388b83090161,bulk_message
1515915625820834855,1,3990.0,2022-12-23,1515915625820834855-8962-63a5a1aa2cae9,bulk_message
1515915625822299254,1,9570.0,2022-12-24,1515915625822299254-8962-63a5a1aa317bc,bulk_message
1515915625824355180,1,13680.0,2022-12-27,1515915625824355180-9039-63a9a7902b4c0,bulk_message
1515915625857734777,1,71992.0,2022-12-27,1515915625857734777-9039-63a9a7903f379,bulk_message
1515915625857734777,1,45470.0,2022-12-27,1515915625857734777-9039-63a9a7903f379,bulk_message
1515915625861692544,1,4831.0,2022-12-27,1515915625861692544-9039-63a9a79038ae1,bulk_message
1515915625864700367,1,19990.0,2022-12-26,1515915625864700367-8962-63a5a1aa2e4df,bulk_message
1515915625874878955,1,12850.0,2022-12-25,1515915625874878955-8994-63a6bf9c3decf,bulk_message
1515915625882069801,1,26310.0,2022-12-06,1515915625858430536-8379-638c6fa8eea9c,bulk_message
1515915625884854086,1,2421.0,2022-12-03,1515915625835004007-8371-6389fe27acb36,bulk_message
1515915625886928110,1,3805.0,2022-12-05,1515915625885938008-8414-638e023544c20,bulk_message
1515915625897493329,1,8125.0,2022-12-27,1515915625897493329-8994-63a6bf9c30460,bulk_message
1515915625803275581,1,20993.0,2023-01-31,1515915625921288262-9735-63d7c9370d80f,bulk_message
1515915625808885945,1,3990.0,2023-01-26,1515915625808885945-9606-63d12601f1dae,bulk_message
1515915625809106676,1,9990.0,2023-01-19,1515915625809106676-9424-63c6a726509a8,bulk_message
1515915625809106676,1,6990.0,2023-01-19,1515915625809106676-9424-63c6a726509a8,bulk_message
1515915625809106676,1,16990.0,2023-01-19,1515915625809106676-9424-63c6a726509a8,bulk_message
1515915625813369153,1,20368.0,2023-01-25,1515915625813369153-9542-63ce6bcc4815f,bulk_message
1515915625813369153,1,1878.0,2023-01-25,1515915625813369153-9542-63ce6bcc4815f,bulk_message
1515915625813369153,1,1855.0,2023-01-25,1515915625813369153-9542-63ce6bcc4815f,bulk_message
1515915625817415471,1,26540.0,2023-01-19,1515915625817415471-9483-63c94f34de0f7,bulk_message
1515915625819475813,1,19990.0,2023-01-22,1515915625819475813-9512-63ca976aecc15,bulk_message
1515915625825132091,1,4792.0,2023-01-23,1515915625825132091-9542-63ce6bcc29bd4,bulk_message
1515915625828986884,1,11892.0,2023-01-24,1515915625828986884-9542-63ce6bcc28736,bulk_message
1515915625828986884,1,6392.0,2023-01-24,1515915625828986884-9542-63ce6bcc28736,bulk_message
1515915625829255975,1,19990.0,2023-01-31,1515915625829255975-9735-63d7c9370b522,bulk_message
1515915625829255975,1,2673.0,2023-01-31,1515915625829255975-9735-63d7c9370b522,bulk_message
1515915625833342556,1,33440.0,2023-01-24,1515915625833342556-9483-63c94f34e183a,bulk_message
1515915625835000705,1,4628.0,2023-01-07,1515915625835000705-9137-63b6919ca854a,bulk_message
1515915625835000705,1,5245.0,2023-01-07,1515915625835000705-9137-63b6919ca854a,bulk_message
1515915625835000705,1,1990.0,2023-01-07,1515915625835000705-9137-63b6919ca854a,bulk_message
1515915625835002241,1,22870.0,2023-01-28,1515915625835002241-9683-63d4eb2599d4d,bulk_message
1515915625835002916,1,5290.0,2023-01-18,1515915625835002916-9448-63c7ebd35e450,bulk_message
1515915625835003901,1,4591.0,2023-01-31,1515915625835003901-9746-63d8c85241522,bulk_message
1515915625835003901,1,5216.0,2023-01-31,1515915625835003901-9746-63d8c85241522,bulk_message
1515915625835005416,1,24149.0,2023-01-23,1515915625835005416-9542-63ce6bcc42cbc,bulk_message
1515915625835005809,1,1490.0,2023-01-25,1515915625835005809-9583-63cfc08eed0da,bulk_message
1515915625835005998,1,72990.0,2023-01-21,1515915625835005998-9513-63cbb7ace4aad,bulk_message
1515915625853062360,1,18420.0,2023-01-12,1515915625853062360-9331-63c0128a7a5f2,bulk_message
1515915625853062360,1,4550.0,2023-01-12,1515915625853062360-9331-63c0128a7a5f2,bulk_message
1515915625853062360,1,49990.0,2023-01-12,1515915625853062360-9331-63c0128a7a5f2,bulk_message
1515915625853825349,1,49990.0,2023-01-31,1515915625835003901-9746-63d8c85241522,bulk_message
1515915625853825349,1,4591.0,2023-01-31,1515915625835003901-9746-63d8c85241522,bulk_message
1515915625853825349,1,5216.0,2023-01-31,1515915625835003901-9746-63d8c85241522,bulk_message
1515915625854757369,1,2912.0,2023-01-14,1515915625854757369-9356-63c15c58ded22,bulk_message
1515915625857187272,1,5034.0,2023-01-23,1515915625857187272-9542-63ce6bcc3ca0d,bulk_message
1515915625858338708,1,2691.0,2023-01-11,1515915625858338708-9269-63bd630bb13bb,bulk_message
1515915625858338708,1,16990.0,2023-01-11,1515915625858338708-9269-63bd630bb13bb,bulk_message
1515915625858338708,1,2290.0,2023-01-11,1515915625858338708-9269-63bd630bb13bb,bulk_message
1515915625858338708,1,6990.0,2023-01-11,1515915625858338708-9269-63bd630bb13bb,bulk_message
1515915625858338708,1,2241.0,2023-01-11,1515915625858338708-9269-63bd630bb13bb,bulk_message
1515915625858338708,1,2490.0,2023-01-11,1515915625858338708-9269-63bd630bb13bb,bulk_message
1515915625858696971,1,9734.0,2023-01-23,1515915625858696971-9512-63ca976aef9c5,bulk_message
1515915625859861048,1,8990.0,2023-01-04,1515915625859861048-9145-63b5401d01b95,bulk_message
1515915625859861048,1,2990.0,2023-01-04,1515915625859861048-9145-63b5401d01b95,bulk_message
1515915625859861048,1,8592.0,2023-01-04,1515915625859861048-9145-63b5401d01b95,bulk_message
1515915625861303933,1,1890.0,2023-01-09,1515915625861303933-9253-63bc1bd7e289f,bulk_message
1515915625862231347,1,13020.0,2023-01-09,1515915625862231347-9139-63b7e31d168c4,bulk_message
1515915625864700367,1,5990.0,2023-01-06,1515915625864700367-9139-63b7e31d0df68,bulk_message
1515915625864700367,1,6430.0,2023-01-06,1515915625864700367-9139-63b7e31d0df68,bulk_message
1515915625864700367,1,4990.0,2023-01-06,1515915625864700367-9139-63b7e31d0df68,bulk_message
1515915625864700367,1,3506.0,2023-01-06,1515915625864700367-9139-63b7e31d0df68,bulk_message
1515915625864700367,1,1490.0,2023-01-06,1515915625864700367-9139-63b7e31d0df68,bulk_message
1515915625864700367,1,3543.0,2023-01-06,1515915625864700367-9139-63b7e31d0df68,bulk_message
1515915625864700367,1,6990.0,2023-01-06,1515915625864700367-9139-63b7e31d0df68,bulk_message
1515915625865083837,1,4741.0,2023-01-16,1515915625865083837-9389-63c510eca6f2c,bulk_message
1515915625888075683,1,669.0,2023-01-20,1515915625888075683-9483-63c94f34ddd51,bulk_message
1515915625888075683,1,19080.0,2023-01-20,1515915625888075683-9483-63c94f34ddd51,bulk_message
1515915625888075683,1,17932.0,2023-01-23,1515915625888075683-9542-63ce6bcc3d418,bulk_message
1515915625888075683,1,75990.0,2023-01-23,1515915625888075683-9542-63ce6bcc3d418,bulk_message
1515915625888075683,1,16800.0,2023-01-23,1515915625888075683-9542-63ce6bcc3d418,bulk_message
1515915625897659184,1,13020.0,2023-01-10,1515915625897659184-9269-63bd630bb1414,bulk_message
1515915625904297500,2,656.0,2023-01-31,1515915625904297500-9735-63d7c9370731c,bulk_message
1515915625904297500,1,18610.0,2023-01-31,1515915625904297500-9735-63d7c9370731c,bulk_message
1515915625904297500,1,38691.0,2023-01-31,1515915625904297500-9735-63d7c9370731c,bulk_message
1515915625908185739,1,7440.0,2023-01-04,1515915625908185739-9145-63b5401d007b5,bulk_message
1515915625914671581,1,6990.0,2023-01-26,1515915625914671581-9542-63ce6bcc4e131,bulk_message
1515915625915237512,1,20990.0,2023-01-18,1515915625915237512-9389-63c510eca8d37,bulk_message
1515915625918360658,1,4290.0,2023-01-31,1515915625918360658-9735-63d7c9370659e,bulk_message
1515915625919763245,1,14990.0,2023-01-30,1515915625919763245-9735-63d7c93706b44,bulk_message
1515915625921288262,1,5990.0,2023-01-31,1515915625921288262-9735-63d7c9370d80f,bulk_message
1515915625931003511,1,43990.0,2023-01-31,1515915625904297500-9735-63d7c9370731c,bulk_message
1515915625931003511,1,669.0,2023-01-31,1515915625904297500-9735-63d7c9370731c,bulk_message
1515915625931003511,1,19990.0,2023-01-31,1515915625904297500-9735-63d7c9370731c,bulk_message
1515915625931003511,1,42990.0,2023-01-31,1515915625904297500-9735-63d7c9370731c,bulk_message
1515915625803207746,1,29360.0,2023-04-08,1515915625835002226-11659-64312d1d6bd4a,bulk_message
1515915625803207746,1,9990.0,2023-04-08,1515915625835002226-11659-64312d1d6bd4a,bulk_message
1515915625803207746,1,15291.0,2023-04-08,1515915625835002226-11659-64312d1d6bd4a,bulk_message
1515915625803209237,1,1453.0,2023-04-28,1515915625835003578-11469-6427f29cf41ae,bulk_message
1515915625803215649,1,5843.0,2023-04-21,1515915625823834940-11965-643e9fbce06d1,bulk_message
1515915625803275411,1,42990.0,2023-04-01,1515915625865707555-11466-6426e3a903b4a,bulk_message
1515915625820835350,1,25990.0,2023-04-18,1515915625820835350-11965-643e9fbcd753f,bulk_message
1515915625835004256,1,2753.0,2023-04-04,1515915625835004256-11546-642c1ab7df00a,bulk_message
1515915625835004256,1,1615.0,2023-04-04,1515915625835004256-11546-642c1ab7df00a,bulk_message
1515915625847962550,1,1973.0,2023-04-21,1515915625847962550-11657-6430155b7070b,bulk_message
1515915625847962550,1,1394.0,2023-04-21,1515915625847962550-11657-6430155b7070b,bulk_message
1515915625855635892,1,3115.0,2023-04-05,1515915625855635892-11511-642ad5e3a311b,bulk_message
1515915625855635892,1,2792.0,2023-04-05,1515915625855635892-11511-642ad5e3a311b,bulk_message
1515915625939611082,1,6490.0,2023-04-20,1515915625939611082-11965-643e9fbce1907,bulk_message
1515915625951753614,1,10626.0,2023-04-16,1515915625951753614-11712-6434f413a41a7,bulk_message
1515915625951753920,1,14193.0,2023-04-27,1515915625951753920-12114-64467f3383f3b,bulk_message
1515915625951753920,1,5592.0,2023-04-27,1515915625951753920-12114-64467f3383f3b,bulk_message
1515915625956393833,1,4943.0,2023-04-21,1515915625823834940-11965-643e9fbce06d1,bulk_message
1515915625803207150,1,3990.0,2023-02-25,1515915625835002436-10414-63f9ce1e58e43,bulk_message
1515915625803207150,1,1990.0,2023-02-25,1515915625835002436-10414-63f9ce1e58e43,bulk_message
1515915625803208551,1,7990.0,2023-02-13,1515915625835004145-10066-63e7672cca893,bulk_message
1515915625803208551,1,7990.0,2023-02-13,1515915625835004145-10066-63e7672cca893,bulk_message
1515915625803208551,1,7990.0,2023-02-13,1515915625835004145-10066-63e7672cca893,bulk_message
1515915625803208551,1,6232.0,2023-02-13,1515915625835004145-10066-63e7672cca893,bulk_message
1515915625803214585,1,17822.0,2023-02-25,1515915625835003324-10394-63f5fbe8230f4,bulk_message
1515915625803273955,1,33990.0,2023-02-09,1515915625835000441-9977-63e3a8c1524c0,bulk_message
1515915625809175317,1,3990.0,2023-02-10,1515915625809175317-10062-63e648a18417d,bulk_message
1515915625809175317,1,3990.0,2023-02-10,1515915625809175317-10062-63e648a18417d,bulk_message
1515915625812258659,1,2270.0,2023-02-07,1515915625812258659-9916-63e10308763c4,bulk_message
1515915625816320125,1,15990.0,2023-02-16,1515915625816320125-10223-63ee2c6a6f3b0,bulk_message
1515915625828849141,1,1522.0,2023-02-06,1515915625828849141-9916-63e10308766c6,bulk_message
1515915625829997972,1,3671.0,2023-02-25,1515915625829997972-10409-63f87c9cc0157,bulk_message
1515915625835000428,1,2509.0,2023-02-18,1515915625835000428-10267-63f09aa53a044,bulk_message
1515915625835000548,1,12310.0,2023-02-08,1515915625835000548-9977-63e3a8c16a05b,bulk_message
1515915625835000705,1,19590.0,2023-02-19,1515915625835000705-10267-63f09aa53a2e4,bulk_message
1515915625835000705,1,2490.0,2023-02-19,1515915625835000705-10267-63f09aa53a2e4,bulk_message
1515915625835004083,1,75990.0,2023-02-25,1515915625835004083-10394-63f5fbe81d445,bulk_message
1515915625835005067,1,2230.0,2023-02-06,1515915625835005067-9683-63d4eb258a792,bulk_message
1515915625835005067,1,669.0,2023-02-07,1515915625835005067-9683-63d4eb258a792,bulk_message
1515915625835005067,1,2230.0,2023-02-07,1515915625835005067-9683-63d4eb258a792,bulk_message
1515915625835005526,1,1992.0,2023-02-06,1515915625835005526-9844-63dbb9c0bb198,bulk_message
1515915625835005526,1,3351.0,2023-02-06,1515915625835005526-9844-63dbb9c0bb198,bulk_message
1515915625835005526,1,4792.0,2023-02-06,1515915625835005526-9844-63dbb9c0bb198,bulk_message
1515915625838364265,1,15990.0,2023-02-03,1515915625838364265-9796-63da6c1ea2c86,bulk_message
1515915625861649433,1,11490.0,2023-02-02,1515915625861649433-9796-63da6c1e9b551,bulk_message
1515915625861649433,1,18620.0,2023-02-02,1515915625861649433-9796-63da6c1e9b551,bulk_message
1515915625891152573,1,5005.0,2023-02-18,1515915625891152573-10265-63ef839b6e320,bulk_message
1515915625909805526,1,34990.0,2023-02-07,1515915625909805526-9916-63e1030871864,bulk_message
1515915625916015727,1,1490.0,2023-02-09,1515915625916015727-9977-63e3a8c15273b,bulk_message
1515915625916866439,1,3990.0,2023-02-07,1515915625916866439-9916-63e1030878847,bulk_message
1515915625916866439,1,3003.0,2023-02-07,1515915625916866439-9916-63e1030878847,bulk_message
1515915625919399878,1,7990.0,2023-02-15,1515915625919399878-10189-63ece26f85b85,bulk_message
1515915625919399878,1,7990.0,2023-02-15,1515915625919399878-10189-63ece26f85b85,bulk_message
1515915625919399878,1,7990.0,2023-02-15,1515915625919399878-10189-63ece26f85b85,bulk_message
1515915625919399878,1,12490.0,2023-02-15,1515915625919399878-10189-63ece26f85b85,bulk_message
1515915625919399878,2,7830.0,2023-02-15,1515915625919399878-10189-63ece26f85b85,bulk_message
1515915625923659643,1,42492.0,2023-02-23,1515915625923659643-10394-63f5fbe81b040,bulk_message
1515915625925539546,1,33990.0,2023-02-09,1515915625835000441-9977-63e3a8c1524c0,bulk_message
1515915625927475439,1,11042.0,2023-02-22,1515915625927475439-10324-63f379ae3e2f8,bulk_message
1515915625927475439,1,7217.0,2023-02-22,1515915625927475439-10324-63f379ae3e2f8,bulk_message
1515915625927475439,1,7811.0,2023-02-22,1515915625927475439-10324-63f379ae3e2f8,bulk_message
1515915625929985191,1,25990.0,2023-02-28,1515915625929985191-10394-63f5fbe81ac68,bulk_message
1515915625929985191,1,15990.0,2023-02-28,1515915625929985191-10394-63f5fbe81ac68,bulk_message
1515915625929985191,1,17870.0,2023-02-28,1515915625929985191-10394-63f5fbe81ac68,bulk_message
1515915625929985191,1,17870.0,2023-02-28,1515915625929985191-10394-63f5fbe81ac68,bulk_message
1515915625929985191,1,1621.0,2023-02-28,1515915625929985191-10394-63f5fbe81ac68,bulk_message
1515915625803180506,1,10972.0,2023-06-27,1515915625951762698-13680-6499912388ac3,bulk_message
1515915625803180506,1,2450.0,2023-06-27,1515915625951762698-13680-6499912388ac3,bulk_message
1515915625803180506,1,20539.0,2023-06-27,1515915625951762698-13680-6499912388ac3,bulk_message
1515915625803180771,1,4824.0,2023-06-16,1515915625951763827-13460-648c680a87cfa,bulk_message
1515915625803180879,1,6198.0,2023-06-29,1515915625951750973-13766-649d8889ee133,bulk_message
1515915625803180879,1,7642.0,2023-06-29,1515915625951750973-13766-649d8889ee133,bulk_message
1515915625803180879,1,6779.0,2023-06-29,1515915625951750973-13766-649d8889ee133,bulk_message
1515915625803180879,1,2490.0,2023-06-29,1515915625951750973-13766-649d8889ee133,bulk_message
1515915625803180879,1,8990.0,2023-06-29,1515915625951750973-13766-649d8889ee133,bulk_message
1515915625803180879,1,4990.0,2023-06-29,1515915625951750973-13766-649d8889ee133,bulk_message
1515915625803180879,1,2990.0,2023-06-29,1515915625951750973-13766-649d8889ee133,bulk_message
1515915625803180879,1,3073.0,2023-06-29,1515915625951750973-13766-649d8889ee133,bulk_message
1515915625803207281,1,12482.0,2023-06-23,1515915625835004526-13594-6494404c23521,bulk_message
1515915625803207281,1,29190.0,2023-06-23,1515915625835004526-13594-6494404c23521,bulk_message
1515915625803274278,1,2976.0,2023-06-26,1515915625951752482-13680-649991238e34f,bulk_message
1515915625803892965,1,13380.0,2023-06-12,1515915625864123161-13307-64831dcdcf965,bulk_message
1515915625803892965,1,10375.0,2023-06-12,1515915625864123161-13307-64831dcdcf965,bulk_message
1515915625803892965,2,7781.0,2023-06-12,1515915625864123161-13307-64831dcdcf965,bulk_message
1515915625803892965,1,20538.0,2023-06-12,1515915625864123161-13307-64831dcdcf965,bulk_message
1515915625803892965,1,29860.0,2023-06-12,1515915625864123161-13307-64831dcdcf965,bulk_message
1515915625803892965,1,5655.0,2023-06-12,1515915625864123161-13307-64831dcdcf965,bulk_message
1515915625803905359,1,77240.0,2023-06-07,1515915625803905359-13219-64806078997a2,bulk_message
1515915625817415471,1,46714.0,2023-06-18,1515915625817415471-13460-648c680a57798,bulk_message
1515915625833357568,1,9414.0,2023-06-29,1515915625833357568-13766-649d8889b9d10,bulk_message
1515915625833771605,1,4990.0,2023-06-21,1515915625833771605-13569-6492faa810f0c,bulk_message
1515915625835000705,1,7519.0,2023-06-07,1515915625835000705-13219-648060789ab8a,bulk_message
1515915625835001644,1,32436.0,2023-06-10,1515915625835001644-13219-648060785f45a,bulk_message
1515915625835002126,1,22768.0,2023-06-04,1515915625835002126-13051-6478878d5e270,bulk_message
1515915625835005661,1,55690.0,2023-06-16,1515915625835005661-13389-64897c5987858,bulk_message
1515915625835006190,1,669.0,2023-06-06,1515915625835006190-13151-647de1ad8820c,bulk_message
1515915625835333692,1,4626.0,2023-06-03,1515915625835333692-13081-6479931a830e4,bulk_message
1515915625835333692,1,5450.0,2023-06-03,1515915625835333692-13081-6479931a830e4,bulk_message
1515915625835333692,1,4640.0,2023-06-03,1515915625835333692-13081-6479931a830e4,bulk_message
1515915625835333692,1,13209.0,2023-06-03,1515915625835333692-13081-6479931a830e4,bulk_message
1515915625835333692,1,10288.0,2023-06-03,1515915625835333692-13081-6479931a830e4,bulk_message
1515915625835333692,1,10233.0,2023-06-03,1515915625835333692-13081-6479931a830e4,bulk_message
1515915625835333692,1,10290.0,2023-06-03,1515915625835333692-13081-6479931a830e4,bulk_message
1515915625835333692,1,4432.0,2023-06-03,1515915625835333692-13081-6479931a830e4,bulk_message
1515915625849466437,1,46341.0,2023-06-01,1515915625849466437-13051-6478878d5d36a,bulk_message
1515915625854834831,1,13487.0,2023-06-07,1515915625854834831-13219-648060786e2f1,bulk_message
1515915625855755713,1,46780.0,2023-06-14,1515915625842980158-13389-64897c595bc1e,bulk_message
1515915625855755713,1,99581.0,2023-06-14,1515915625842980158-13389-64897c595bc1e,bulk_message
1515915625855755713,1,59578.0,2023-06-14,1515915625842980158-13389-64897c595bc1e,bulk_message
1515915625855755713,1,76561.0,2023-06-14,1515915625842980158-13389-64897c595bc1e,bulk_message
1515915625855755713,1,77960.0,2023-06-14,1515915625842980158-13389-64897c595bc1e,bulk_message
1515915625856586399,1,48660.0,2023-06-28,1515915625856586399-13710-649ae9b335b7d,bulk_message
1515915625860317570,1,24860.0,2023-06-02,1515915625860317570-13081-6479931acf6b0,bulk_message
1515915625861721879,1,1789.0,2023-06-07,1515915625861721879-13219-648060789a956,bulk_message
1515915625861727644,1,14652.0,2023-06-07,1515915625861727644-13219-6480607842fe1,bulk_message
1515915625861727644,1,4823.0,2023-06-16,1515915625861727644-13389-64897c59474fe,bulk_message
1515915625861727644,1,5720.0,2023-06-16,1515915625861727644-13389-64897c59474fe,bulk_message
1515915625861727644,1,5071.0,2023-06-16,1515915625861727644-13389-64897c59474fe,bulk_message
1515915625862227047,1,9232.0,2023-06-14,1515915625862227047-13389-64897c5946d40,bulk_message
1515915625862227047,1,2975.0,2023-06-14,1515915625862227047-13389-64897c5946d40,bulk_message
1515915625862227047,1,2050.0,2023-06-14,1515915625862227047-13389-64897c5946d40,bulk_message
1515915625862227047,1,1452.0,2023-06-14,1515915625862227047-13389-64897c5946d40,bulk_message
1515915625869789324,1,6690.0,2023-06-23,1515915625951753837-13635-6495a10d504e2,bulk_message
1515915625887632145,1,55690.0,2023-06-07,1515915625887632145-13219-6480607876098,bulk_message
1515915625916503744,1,46613.0,2023-06-16,1515915625916503744-13460-648c680a57050,bulk_message
1515915625931706951,1,6170.0,2023-06-08,1515915625931706951-13270-6481d0b751c9d,bulk_message
1515915625933450807,1,54060.0,2023-06-16,1515915625933450807-13389-64897c594789f,bulk_message
1515915625939637012,1,4990.0,2023-06-09,1515915625939637012-13219-6480607843349,bulk_message
1515915625939637012,1,3990.0,2023-06-09,1515915625939637012-13219-6480607843349,bulk_message
1515915625939637012,1,3072.0,2023-06-09,1515915625939637012-13219-6480607843349,bulk_message
1515915625939637012,1,3104.0,2023-06-09,1515915625939637012-13219-6480607843349,bulk_message
1515915625941623694,1,15690.0,2023-06-30,1515915625941623694-13815-649ede4e3f036,bulk_message
1515915625942320604,1,3922.0,2023-06-30,1515915625942320604-13815-649ede4e4064c,bulk_message
1515915625942320604,1,5790.0,2023-06-30,1515915625942320604-13815-649ede4e4064c,bulk_message
1515915625951751920,1,2780.0,2023-06-14,1515915625951751920-13389-64897c598929b,bulk_message
1515915625951751920,1,1830.0,2023-06-14,1515915625951751920-13389-64897c598929b,bulk_message
1515915625951751920,1,3522.0,2023-06-14,1515915625951751920-13389-64897c598929b,bulk_message
1515915625951752812,1,26770.0,2023-06-10,1515915625951752812-13307-64831dce16a52,bulk_message
1515915625951752812,1,8646.0,2023-06-10,1515915625951752812-13307-64831dce16a52,bulk_message
1515915625951754053,1,14050.0,2023-06-14,1515915625951754053-13389-64897c59910eb,bulk_message
1515915625951754642,1,9042.0,2023-06-06,1515915625951754642-13151-647de1adb3048,bulk_message
1515915625951754642,1,10972.0,2023-06-21,1515915625951754642-13526-6491a9a527ab7,bulk_message
1515915625951754642,1,1286.0,2023-06-21,1515915625951754642-13526-6491a9a527ab7,bulk_message
1515915625951755245,1,9835.0,2023-06-30,1515915625951755245-13815-649ede4e3c9b3,bulk_message
1515915625953658901,1,10087.0,2023-06-22,1515915625953658901-13569-6492faa809cbb,bulk_message
1515915625953658901,1,17944.0,2023-06-22,1515915625953658901-13569-6492faa809cbb,bulk_message
1515915625955739640,1,10290.0,2023-06-18,1515915625955739640-13389-64897c5956c1c,bulk_message
1515915625957256668,1,4082.0,2023-06-09,1515915625957256668-13307-64831dcdd9947,bulk_message
1515915625958135277,1,1791.0,2023-06-21,1515915625958135277-13526-6491a9a4d3fa1,bulk_message
1515915625964487373,1,669.0,2023-06-08,1515915625964487373-13219-648060784c5db,bulk_message
1515915625973168120,1,8640.0,2023-06-12,1515915625973168120-13270-6481d0b77e972,bulk_message
1515915625973168120,1,5536.0,2023-06-12,1515915625973168120-13270-6481d0b77e972,bulk_message
1515915625973168120,1,11490.0,2023-06-22,1515915625973168120-13569-6492faa816400,bulk_message
1515915625973168120,1,2740.0,2023-06-22,1515915625973168120-13569-6492faa816400,bulk_message
1515915625973168120,1,2317.0,2023-06-27,1515915625973168120-13710-649ae9b335d80,bulk_message
1515915625974333319,1,3594.0,2023-06-07,1515915625974333319-13151-647de1ad8be86,bulk_message
1515915625974749242,1,1830.0,2023-06-30,1515915625940908300-13051-6478878d61234,bulk_message
1515915625974749242,1,6900.0,2023-06-30,1515915625940908300-13051-6478878d61234,bulk_message
1515915625974749242,1,15690.0,2023-06-30,1515915625940908300-13051-6478878d61234,bulk_message
1515915625976697525,1,51490.0,2023-06-07,1515915625887632145-13219-6480607876098,bulk_message
1515915625976999867,1,41190.0,2023-06-07,1515915625976999867-13219-648060789ad4a,bulk_message
1515915625976999867,1,23066.0,2023-06-07,1515915625976999867-13219-648060789ad4a,bulk_message
1515915625977043753,1,11507.0,2023-06-14,1515915625977043753-13389-64897c59a80b9,bulk_message
1515915625977043753,1,4392.0,2023-06-14,1515915625977043753-13389-64897c59a80b9,bulk_message
1515915625978512061,1,6337.0,2023-06-23,1515915625951751978-13594-6494404c1ebc3,bulk_message
1515915625979109063,1,9180.0,2023-06-23,1515915625979109063-13569-6492faa80ff5e,bulk_message
1515915625982856912,1,4990.0,2023-06-22,1515915625951751553-13594-6494404c3422a,bulk_message
1515915625803273892,1,10086.0,2023-08-03,1515915625835004895-14513-64ca5cee24d78,bulk_message
1515915625803273892,1,14490.0,2023-08-03,1515915625835004895-14513-64ca5cee24d78,bulk_message
1515915625815177290,1,5633.0,2023-08-30,1515915625951753622-15213-64ef3cb314df2,bulk_message
1515915625815177290,1,1711.0,2023-08-30,1515915625951753622-15213-64ef3cb314df2,bulk_message
1515915625815177290,1,40996.0,2023-08-30,1515915625951753622-15213-64ef3cb314df2,bulk_message
1515915625835000501,1,173586.0,2023-08-29,1515915625835000501-15182-64edee754572e,bulk_message
1515915625835000705,1,21033.0,2023-08-05,1515915625835000705-14554-64cbaafc0561b,bulk_message
1515915625835000705,1,9583.0,2023-08-05,1515915625835000705-14554-64cbaafc0561b,bulk_message
1515915625835004895,1,8876.0,2023-08-03,1515915625835004895-14513-64ca5cee24d78,bulk_message
1515915625835004895,1,12114.0,2023-08-03,1515915625835004895-14513-64ca5cee24d78,bulk_message
1515915625853825349,1,1811.0,2023-08-09,1515915625951763240-14502-64d37fcc738df,bulk_message
1515915625853825349,1,3438.0,2023-08-09,1515915625951763240-14502-64d37fcc738df,bulk_message
1515915625857504750,1,10490.0,2023-08-04,1515915625857504750-14550-64cbab3871970,bulk_message
1515915625857504750,1,6241.0,2023-08-04,1515915625857504750-14550-64cbab3871970,bulk_message
1515915625857504750,1,1720.0,2023-08-04,1515915625857504750-14550-64cbab3871970,bulk_message
1515915625862269075,1,2542.0,2023-08-27,1515915625862269075-15098-64e8aec6dd496,bulk_message
1515915625862269075,1,4662.0,2023-08-27,1515915625862269075-15098-64e8aec6dd496,bulk_message
1515915625882291008,1,5581.0,2023-08-04,1515915625882291008-14550-64cbab384eeff,bulk_message
1515915625887691754,1,8362.0,2023-08-03,1515915625887691754-14244-64bcec1d64c79,bulk_message
1515915625902774628,1,18793.0,2023-08-25,1515915625902774628-14980-64e4bdb54bb02,bulk_message
1515915625902774628,1,2810.0,2023-08-25,1515915625902774628-14980-64e4bdb54bb02,bulk_message
1515915625902774628,1,6038.0,2023-08-25,1515915625902774628-14980-64e4bdb54bb02,bulk_message
1515915625902774628,1,2178.0,2023-08-25,1515915625902774628-14980-64e4bdb54bb02,bulk_message
1515915625902774628,1,7070.0,2023-08-25,1515915625902774628-14980-64e4bdb54bb02,bulk_message
1515915625902774628,1,10711.0,2023-08-25,1515915625902774628-14980-64e4bdb54bb02,bulk_message
1515915625902774628,1,8455.0,2023-08-25,1515915625902774628-14980-64e4bdb54bb02,bulk_message
1515915625902774628,1,4406.0,2023-08-25,1515915625902774628-14980-64e4bdb54bb02,bulk_message
1515915625932901227,1,1850.0,2023-08-13,1515915625932901227-14730-64d6280cc25b1,bulk_message
1515915625932901227,1,12552.0,2023-08-13,1515915625932901227-14730-64d6280cc25b1,bulk_message
1515915625932901227,1,2269.0,2023-08-13,1515915625932901227-14730-64d6280cc25b1,bulk_message
1515915625932901227,1,4041.0,2023-08-13,1515915625932901227-14730-64d6280cc25b1,bulk_message
1515915625932901227,1,32157.0,2023-08-13,1515915625932901227-14730-64d6280cc25b1,bulk_message
1515915625932901227,1,10831.0,2023-08-13,1515915625932901227-14730-64d6280cc25b1,bulk_message
1515915625932901227,1,19990.0,2023-08-13,1515915625932901227-14730-64d6280cc25b1,bulk_message
1515915625932901227,1,36760.0,2023-08-13,1515915625932901227-14730-64d6280cc25b1,bulk_message
1515915625932901227,1,4640.0,2023-08-13,1515915625932901227-14730-64d6280cc25b1,bulk_message
1515915625951751923,1,4337.0,2023-08-24,1515915625951751923-15027-64e60f9d245fa,bulk_message
1515915625951751923,1,33027.0,2023-08-24,1515915625951751923-15027-64e60f9d245fa,bulk_message
1515915625951751923,1,2757.0,2023-08-24,1515915625951751923-15027-64e60f9d245fa,bulk_message
1515915625951753532,1,23717.0,2023-08-26,1515915625951753532-15027-64e60f9d3d0de,bulk_message
1515915625951763240,1,3239.0,2023-08-09,1515915625951763240-14502-64d37fcc738df,bulk_message
1515915625958849331,1,1811.0,2023-08-22,1515915625958849331-14950-64e3649694673,bulk_message
1515915625968785992,1,23232.0,2023-08-23,1515915625968785992-14980-64e4bdb55511f,bulk_message
1515915625968785992,1,2388.0,2023-08-23,1515915625968785992-14980-64e4bdb55511f,bulk_message
1515915625972200449,1,24352.0,2023-08-11,1515915625972200449-14730-64d6280cec70e,bulk_message
1515915625974334236,1,1992.0,2023-08-22,1515915625974334236-14950-64e3649693193,bulk_message
1515915625980549806,1,62955.0,2023-08-19,1515915625980549806-14492-64df77a7974b0,bulk_message
1515915625980549806,1,27635.0,2023-08-19,1515915625980549806-14492-64df77a7974b0,bulk_message
1515915625985828047,1,6241.0,2023-08-04,1515915625985828047-14550-64cbab3842633,bulk_message
1515915625985828047,1,26084.0,2023-08-04,1515915625985828047-14550-64cbab3842633,bulk_message
1515915625995478307,1,8781.0,2023-08-11,1515915625995478307-14730-64d6280ca47a9,bulk_message
1515915625996016082,1,5822.0,2023-08-30,1515915625996016082-15150-64ec9d5aa9532,bulk_message
1515915625996016082,1,4948.0,2023-08-30,1515915625996016082-15150-64ec9d5aa9532,bulk_message
1515915625996380624,1,5633.0,2023-08-30,1515915625996380624-15150-64ec9d5aa8c87,bulk_message
1515915625996380624,1,5387.0,2023-08-30,1515915625996380624-15150-64ec9d5aa8c87,bulk_message
1515915625996380624,1,33732.0,2023-08-30,1515915625996380624-15150-64ec9d5aa8c87,bulk_message
1515915625996380624,1,4040.0,2023-08-30,1515915625996380624-15150-64ec9d5aa8c87,bulk_message
1515915625996380624,1,13788.0,2023-08-30,1515915625996380624-15150-64ec9d5aa8c87,bulk_message
1515915625996380624,1,7671.0,2023-08-30,1515915625996380624-15150-64ec9d5aa8c87,bulk_message
1515915625997511191,1,15043.0,2023-08-18,1515915625997511191-14880-64de1dd0091a9,bulk_message
1515915625997770678,1,44690.0,2023-08-18,1515915625997770678-14492-64df77a78ece8,bulk_message
1515915625997770678,1,47549.0,2023-08-18,1515915625997770678-14492-64df77a78ece8,bulk_message
1515915625997770678,1,6501.0,2023-08-18,1515915625997770678-14492-64df77a78ece8,bulk_message
1515915625997770678,1,1909.0,2023-08-18,1515915625997770678-14492-64df77a78ece8,bulk_message
1515915625997770678,1,3528.0,2023-08-18,1515915625997770678-14492-64df77a78ece8,bulk_message
1515915625803211039,1,45647.0,2022-11-18,1515915625808531105-7956-63776bb371087,bulk_message
1515915625803273957,1,3713.0,2022-11-11,1515915625835001244-7772-636cf66c5225f,bulk_message
1515915625805906601,1,5236.0,2022-11-02,1515915625835003578-7549-63611d66cc284,bulk_message
1515915625808531105,1,45647.0,2022-11-18,1515915625808531105-7956-63776bb371087,bulk_message
1515915625808531105,1,45647.0,2022-11-18,1515915625808531105-7956-63776bb371087,bulk_message
1515915625808531105,1,6714.0,2022-11-18,1515915625808531105-7956-63776bb371087,bulk_message
1515915625808531105,1,6714.0,2022-11-18,1515915625808531105-7956-63776bb371087,bulk_message
1515915625808531105,1,6714.0,2022-11-18,1515915625808531105-7956-63776bb371087,bulk_message
1515915625808531105,1,6714.0,2022-11-18,1515915625808531105-7956-63776bb371087,bulk_message
1515915625815091178,1,7079.0,2022-11-08,1515915625815091178-7662-6368fd37e83f7,bulk_message
1515915625815091178,1,7079.0,2022-11-08,1515915625815091178-7662-6368fd37e83f7,bulk_message
1515915625824280360,1,83786.0,2022-11-21,1515915625824280360-7928-637b6230353f2,bulk_message
1515915625824280360,1,85496.0,2022-11-21,1515915625824280360-7928-637b6230353f2,bulk_message
1515915625824280360,1,62712.0,2022-11-21,1515915625824280360-7928-637b6230353f2,bulk_message
1515915625824280360,1,79990.0,2022-11-21,1515915625824280360-7928-637b6230353f2,bulk_message
1515915625832248322,1,12180.0,2022-11-22,1515915625832248322-7956-63776bb36f1f2,bulk_message
1515915625832248322,1,22568.0,2022-11-22,1515915625832248322-7956-63776bb36f1f2,bulk_message
1515915625835001244,1,3713.0,2022-11-11,1515915625835001244-7772-636cf66c5225f,bulk_message
1515915625835001244,1,3713.0,2022-11-11,1515915625835001244-7772-636cf66c5225f,bulk_message
1515915625835001981,1,19104.0,2022-11-18,1515915625835001981-7956-63776bb3718e3,bulk_message
1515915625835001981,1,19494.0,2022-11-18,1515915625835001981-7956-63776bb3718e3,bulk_message
1515915625835002023,1,8154.0,2022-11-05,1515915625835002023-7549-63611d66d13b5,bulk_message
1515915625835005077,1,3627.0,2022-11-03,1515915625835005077-7317-63529e49b718c,bulk_message
1515915625835005077,1,3627.0,2022-11-03,1515915625835005077-7317-63529e49b718c,bulk_message
1515915625835005077,1,3627.0,2022-11-03,1515915625835005077-7317-63529e49b718c,bulk_message
1515915625835005077,1,3627.0,2022-11-03,1515915625835005077-7317-63529e49b718c,bulk_message
1515915625835005077,1,3627.0,2022-11-03,1515915625835005077-7317-63529e49b718c,bulk_message
1515915625835005077,1,3627.0,2022-11-03,1515915625835005077-7317-63529e49b718c,bulk_message
1515915625835005077,1,3627.0,2022-11-03,1515915625835005077-7317-63529e49b718c,bulk_message
1515915625835005077,1,3627.0,2022-11-03,1515915625835005077-7317-63529e49b718c,bulk_message
1515915625835005143,1,17100.0,2022-11-02,1515915625835005143-7549-63611d66cec7d,bulk_message
1515915625835005143,1,17100.0,2022-11-02,1515915625835005143-7549-63611d66cec7d,bulk_message
1515915625835005143,1,18000.0,2022-11-02,1515915625835005143-7549-63611d66cec7d,bulk_message
1515915625835005143,1,18000.0,2022-11-02,1515915625835005143-7549-63611d66cec7d,bulk_message
1515915625835333726,1,989.0,2022-11-04,1515915625835333726-7505-635f7df693d60,bulk_message
1515915625835333726,1,669.0,2022-11-04,1515915625835333726-7505-635f7df693d60,bulk_message
1515915625835333726,1,4254.0,2022-11-08,1515915625835333726-7694-636a416487890,bulk_message
1515915625835333726,1,4254.0,2022-11-08,1515915625835333726-7694-636a416487890,bulk_message
1515915625835333726,1,4254.0,2022-11-08,1515915625835333726-7694-636a416487890,bulk_message
1515915625835333726,1,4254.0,2022-11-08,1515915625835333726-7694-636a416487890,bulk_message
1515915625835333726,1,8728.0,2022-11-08,1515915625835333726-7694-636a416487890,bulk_message
1515915625835333726,1,4254.0,2022-11-08,1515915625835333726-7694-636a416487890,bulk_message
1515915625841145331,1,3458.0,2022-11-16,1515915625841145331-7848-6372403634bdd,bulk_message
1515915625842171837,1,8153.0,2022-11-05,1515915625835002023-7549-63611d66d13b5,bulk_message
1515915625842171837,1,8153.0,2022-11-05,1515915625835002023-7549-63611d66d13b5,bulk_message
1515915625850783837,1,2000.0,2022-11-10,1515915625835001530-7694-636a41648e252,bulk_message
1515915625850783837,1,1813.0,2022-11-10,1515915625835001530-7772-636cf66c561de,bulk_message
1515915625853335947,1,2036.0,2022-11-21,1515915625853335947-7968-6379faa927ae1,bulk_message
1515915625853335947,1,3511.0,2022-11-21,1515915625853335947-7968-6379faa927ae1,bulk_message
1515915625855454655,1,5584.0,2022-11-12,1515915625855454655-7772-636cf66c53ee5,bulk_message
1515915625855454655,1,6004.0,2022-11-12,1515915625855454655-7772-636cf66c53ee5,bulk_message
1515915625855454655,1,5584.0,2022-11-13,1515915625855454655-7813-636e51917d25d,bulk_message
1515915625855454655,1,10842.0,2022-11-13,1515915625855454655-7813-636e51917d25d,bulk_message
1515915625857203550,1,3627.0,2022-11-03,1515915625835005077-7317-63529e49b718c,bulk_message
1515915625857203550,1,3627.0,2022-11-03,1515915625835005077-7317-63529e49b718c,bulk_message
1515915625857203550,1,3627.0,2022-11-03,1515915625835005077-7317-63529e49b718c,bulk_message
1515915625857203550,1,3627.0,2022-11-03,1515915625835005077-7317-63529e49b718c,bulk_message
1515915625858752437,1,7533.0,2022-11-10,1515915625858752437-7694-636a41648406d,bulk_message
1515915625858752437,1,7533.0,2022-11-10,1515915625858752437-7694-636a41648406d,bulk_message
1515915625858752437,1,8100.0,2022-11-10,1515915625858752437-7694-636a41648406d,bulk_message
1515915625858752437,1,8100.0,2022-11-10,1515915625858752437-7694-636a41648406d,bulk_message
1515915625858800593,1,47992.0,2022-11-17,1515915625858800593-7813-636e51917a5e3,bulk_message
1515915625858800593,1,38994.0,2022-11-17,1515915625858800593-7813-636e51917a5e3,bulk_message
1515915625858800593,1,47992.0,2022-11-17,1515915625858800593-7813-636e51917a5e3,bulk_message
1515915625858800593,1,47992.0,2022-11-17,1515915625858800593-7813-636e51917a5e3,bulk_message
1515915625858800593,1,29393.0,2022-11-17,1515915625858800593-7813-636e51917a5e3,bulk_message
1515915625858800593,1,39990.0,2022-11-17,1515915625858800593-7813-636e51917a5e3,bulk_message
1515915625858800593,1,29393.0,2022-11-17,1515915625858800593-7813-636e51917a5e3,bulk_message
1515915625858800593,1,29393.0,2022-11-17,1515915625858800593-7813-636e51917a5e3,bulk_message
1515915625858800593,1,29993.0,2022-11-17,1515915625858800593-7813-636e51917a5e3,bulk_message
1515915625858800593,1,29993.0,2022-11-17,1515915625858800593-7813-636e51917a5e3,bulk_message
1515915625858960619,1,1764.0,2022-11-08,1515915625835002480-7694-636a416490b6e,bulk_message
1515915625858960619,1,6828.0,2022-11-08,1515915625835002480-7694-636a416490b6e,bulk_message
1515915625860120295,1,1896.0,2022-11-08,1515915625841910950-7694-636a416484687,bulk_message
1515915625861627897,1,2671.0,2022-11-19,1515915625861627897-7956-63776bb37286c,bulk_message
1515915625861627897,1,3035.0,2022-11-19,1515915625861627897-7956-63776bb37286c,bulk_message
1515915625861711823,1,1890.0,2022-11-28,1515915625861711823-8163-6383352a45114,bulk_message
1515915625861711823,1,5040.0,2022-11-28,1515915625861711823-8163-6383352a45114,bulk_message
1515915625862058173,1,15286.0,2022-11-08,1515915625815091178-7662-6368fd37e83f7,bulk_message
1515915625862340443,1,2290.0,2022-11-03,1515915625830100730-7568-63626d5ed36c6,bulk_message
1515915625862783809,1,4830.0,2022-11-08,1515915625862783809-7694-636a41648797b,bulk_message
1515915625862783809,1,4830.0,2022-11-08,1515915625862783809-7694-636a41648797b,bulk_message
1515915625862783809,1,4830.0,2022-11-08,1515915625862783809-7694-636a41648797b,bulk_message
1515915625862783809,1,4830.0,2022-11-08,1515915625862783809-7694-636a41648797b,bulk_message
1515915625862783809,1,4830.0,2022-11-08,1515915625862783809-7694-636a41648797b,bulk_message
1515915625862783809,1,5194.0,2022-11-08,1515915625862783809-7694-636a41648797b,bulk_message
1515915625862783809,1,5194.0,2022-11-08,1515915625862783809-7694-636a41648797b,bulk_message
1515915625862783809,1,5194.0,2022-11-08,1515915625862783809-7694-636a41648797b,bulk_message
1515915625862783809,1,5194.0,2022-11-08,1515915625862783809-7694-636a41648797b,bulk_message
1515915625862783809,1,5194.0,2022-11-08,1515915625862783809-7694-636a41648797b,bulk_message
1515915625864709983,1,23979.0,2022-11-08,1515915625835003809-7694-636a416496f0f,bulk_message
1515915625864817073,1,1893.0,2022-11-11,1515915625864817073-7772-636cf66c5d9bd,bulk_message
1515915625864817073,1,1893.0,2022-11-11,1515915625864817073-7772-636cf66c5d9bd,bulk_message
1515915625864920476,1,5338.0,2022-11-11,1515915625864817073-7772-636cf66c5d9bd,bulk_message
1515915625866072374,1,12792.0,2022-11-14,1515915625855152076-7662-6368fd37e604c,bulk_message
1515915625866580364,1,4335.0,2022-11-19,1515915625866580364-7967-63776c5139321,bulk_message
1515915625866580364,1,4963.0,2022-11-19,1515915625866580364-7967-63776c5139321,bulk_message
1515915625868275804,1,47992.0,2022-11-17,1515915625858800593-7813-636e51917a5e3,bulk_message
1515915625869270636,1,1891.0,2022-11-23,1515915625835006252-8044-637ccf9a372d3,bulk_message
1515915625870001331,1,4095.0,2022-11-18,1515915625835004616-7956-63776bb379dd1,bulk_message
1515915625870025628,1,39992.0,2022-11-28,1515915625867543212-8163-6383352a4f29f,bulk_message
1515915625873498326,1,3035.0,2022-11-23,1515915625873498326-8044-637ccf9a38a17,bulk_message
1515915625873498326,1,3035.0,2022-11-23,1515915625873498326-8044-637ccf9a38a17,bulk_message
1515915625878133961,1,3442.0,2022-11-26,1515915625866862784-8170-6380c36047d7f,bulk_message
1515915625878133961,1,2695.0,2022-11-26,1515915625866862784-8170-6380c36047d7f,bulk_message
